group,id,dr_true,dr_pred,dr_probs,dme_true,dme_pred,dme_probs
CORRECT hi-conf,IDRiD_053test,4,4,"[0.0, 0.0, 0.002, 0.006, 0.993]",2,2,"[0.0, 0.0, 0.999]"
CORRECT hi-conf,IDRiD_090test,0,0,"[0.992, 0.005, 0.0, 0.0, 0.003]",0,0,"[0.996, 0.002, 0.002]"
CORRECT hi-conf,IDRiD_080test,0,0,"[0.988, 0.012, 0.0, 0.0, 0.0]",0,0,"[0.998, 0.002, 0.0]"
CORRECT hi-conf,IDRiD_022test,3,3,"[0.0, 0.0, 0.012, 0.975, 0.013]",2,2,"[0.0, 0.0, 1.0]"
CORRECT lo-conf,IDRiD_020test,2,2,"[0.304, 0.272, 0.356, 0.044, 0.024]",2,0,"[0.616, 0.27, 0.114]"
CORRECT lo-conf,IDRiD_067test,2,2,"[0.0, 0.0, 0.37, 0.271, 0.358]",2,2,"[0.006, 0.152, 0.842]"
CORRECT lo-conf,IDRiD_089test,3,3,"[0.091, 0.104, 0.125, 0.376, 0.304]",2,2,"[0.041, 0.054, 0.906]"
CORRECT lo-conf,IDRiD_014test,3,3,"[0.0, 0.0, 0.38, 0.449, 0.171]",2,2,"[0.0, 0.018, 0.981]"
WRONG hi-conf,IDRiD_084test,2,0,"[0.974, 0.012, 0.008, 0.004, 0.001]",2,0,"[0.958, 0.038, 0.004]"
WRONG hi-conf,IDRiD_086test,2,1,"[0.021, 0.952, 0.018, 0.008, 0.001]",2,0,"[0.578, 0.373, 0.049]"
WRONG hi-conf,IDRiD_048test,4,3,"[0.005, 0.001, 0.065, 0.902, 0.026]",2,2,"[0.069, 0.037, 0.894]"
WRONG hi-conf,IDRiD_026test,3,4,"[0.0, 0.0, 0.002, 0.107, 0.892]",2,2,"[0.001, 0.032, 0.967]"
WRONG lo-conf,IDRiD_061test,4,3,"[0.004, 0.002, 0.334, 0.343, 0.318]",2,2,"[0.036, 0.463, 0.501]"
WRONG lo-conf,IDRiD_064test,1,2,"[0.285, 0.27, 0.375, 0.05, 0.019]",0,1,"[0.389, 0.555, 0.056]"
WRONG lo-conf,IDRiD_091test,2,4,"[0.0, 0.0, 0.36, 0.243, 0.397]",2,2,"[0.0, 0.0, 1.0]"
WRONG lo-conf,IDRiD_010test,2,3,"[0.151, 0.171, 0.185, 0.408, 0.085]",2,0,"[0.505, 0.094, 0.401]"
